energy,time
4.954529970974326,8.264338858s
4.91722667756317,8.310513765s
4.896886494890577,7.315268163s
4.874726542169723,7.575840438s
5.011488567557367,4.87878742s
4.950207706556654,4.480974596s
4.842478075616056,4.327012525s
4.9108950676813485,4.052071661s
4.9260275153425805,4.05767811s
4.830506998877092,3.96692856s
