energy-per-particle[au],time[s],variance
2.1152594261081417,4.539,0.1986776158251189
2.278755311776557,4.836,0.07671041953839719
2.014389740862209,7.005,0.01000059894681371
1.9905806027277901,6.829,0.21649364204826504
2.0522373333284807,5.476,0.13414198012884526
1.8146787509299351,5.228,0.31698864312268604
2.3936208743401433,4.844,0.01564658532327101
2.2654330413035635,4.372,0.09480148600877314
2.087169947395706,4.736,0.12745667970600394
2.1307853196300655,4.619,0.06346413828408615
