energy[au],time[s],variance
1.355936555798175,4.963,0.26392139769517176
1.3674646566319075,4.958,0.2734497423328355
1.3700873001941913,4.962,0.29691993838284336
1.3675091895782527,4.956,0.3143781420673788
1.3584528640791287,5.116,0.2547354942387301
1.3675312182987798,5.067,0.30370760630391036
1.3709606003675254,5.079,0.30423831125271406
1.371353325767367,4.981,0.30414922553515744
1.3919123758011722,5.051,0.324945208902335
1.3599758123693566,5.315,0.2401287899743405
