energy,time
2.742978205503836,3.910465369s
2.735506956893908,3.944734396s
2.7454991515874143,3.862513538s
2.7414263779085006,3.874316046s
2.7516225624718373,2.763328978s
2.7422117896141858,2.270221202s
2.730472283830751,2.302369197s
2.736651273164448,2.304061028s
2.7452752860433223,2.314901281s
2.7501454140816954,2.247359739s
