energy[au],time[s]
7.898791591414004,64.554
7.855745746153162,64.61
7.932594709046275,56.845
7.927370122830287,50.451
7.799462526211792,52.208
7.618880329638125,52.606
7.780712276412455,46.489
7.966243941916194,32.863
7.780203541562791,34.254
7.923376049503078,33.407
