energy,time
4.968485243791128,5.249684644s
5.000008375769428,5.251433057s
4.994892789763588,5.184750279s
4.963782598678192,4.965076888s
4.94873542513843,4.980572872s
5.01505817555799,4.104443445s
5.03014247414291,2.953002394s
5.001505566299187,2.951920222s
4.957031221761112,2.85285856s
4.916463862634579,2.73255371s
