energy,time
4.996631314761668,5.123295525s
4.984834233269854,5.238531122s
4.9813542542467815,5.205052925s
5.0917771179622235,5.028105483s
5.060636788258326,5.036639906s
5.000717154376566,5.044353754s
5.023268634354422,3.835902578s
5.025349697546517,2.836994127s
4.97696663494458,2.743363398s
4.994436594469387,2.790765884s
