energy[au],time[s],variance
1.9345281569856096,6.224,1.311011040199082
1.9527238927482868,6.281,1.0111575389798713
1.9286184913798519,6.269,0.9836464480778702
1.931511391950069,6.242,1.4157673855228765
1.9442285002945519,6.292,1.1890553672388808
1.9425750749530504,6.462,1.3504872174385731
1.929049372772152,6.421,1.087645176483976
1.9481260197538632,6.635,1.0535503440075669
1.917339018427518,6.622,1.186755444320113
1.9286851029042138,5.076,1.1331883828234002
