energy[au],time[s],variance
5.951141970250097,5.239,4.539806449319698
6.012094678720471,5.276,4.408077045159658
6.010735041957778,5.305,4.355461199063541
6.044761942098504,3.849,4.308417872469953
6.044442373261439,3.318,4.456995060738073
6.031064052888212,3.315,4.311159268803685
5.983674101949473,3.327,4.719471039688358
5.996097272734608,3.161,4.5292109985206395
