energy[au],time[s],variance
1.8433183354322964,5.215,2.1779582835136466
1.8151933005785938,5.152,3.489233869758081
1.8210665313280097,5.107,2.0088160505593287
1.8326110718038064,5.126,2.7441038618356366
1.81428379477369,5.203,4.7728280773323934
1.8371904339168197,5.196,2.8192156001718427
1.8412275007168943,5.2,2.821926344392523
1.8407806086534169,5.176,2.0183015886095603
1.7968621574581296,5.252,1.6689077758461632
1.8180238412136818,5.544,1.9157527952151288
