energy[au],time[s],variance
3.77911188109056,3.61,0.23534164390158274
3.778798496962271,3.553,0.2354070712919185
3.773353680913219,3.593,0.23832849594955974
3.7901843891496423,3.609,0.24199751968474814
3.78613554968288,3.522,0.23430530754401424
3.77940397653122,3.441,0.24736359385686235
3.7809853684765415,3.417,0.2330545131564925
3.7687209221295768,3.417,0.22090102849146476
3.774590744932025,3.366,0.2318306698110355
