energy[au],time[s],variance
1.9291418501569733,4.76,0.7504844725931736
2.7092943502024704,5.031,4.732205158218903
2.4652971209610013,5.271,0.9610380567727788
2.7504944444664186,3.491,1.926847436257038
2.0255395198825665,2.414,0.34241863205620504
2.127317996453814,2.236,0.6418722638096099
2.84124474444073,2.34,2.524507262547054
3.6586041958186235,2.238,253.69901337288266
2.010459483568126,2.237,1.6131125814429055
2.5816981362085447,2.236,1.9478945302915314
4
