energy,time
2.782557932402247,1.980847007
2.7801223763251373,1.978263876
2.776251634011371,1.998833177
2.780877541337968,1.986692458
2.7717626386862237,1.988665039
2.7767265608178637,2.013190723
2.7835984125184083,1.989661494
2.7747968725963226,2.001875948
2.780912075665288,1.998077997
2.772778349899301,2.000728304
