energy[au],time[s],variance
4.957086113137054,5.14,4.690891353580938
5.014903291225532,5.159,4.541544622914429
5.038975132900377,5.157,4.216115498139512
5.0308539858944625,5.005,4.245463163753467
