energy,time
5.036610767656741,2.889789062
4.936263775192581,2.891443525
4.960117617195725,2.907131586
4.997447005364936,2.929491838
5.007744644774094,2.90751306
5.081798395554069,2.916956014
5.0168709383432795,2.885509412
4.959001892436194,2.486487604
4.988172656582493,2.394165949
4.981142152831482,2.493130895
