energy-per-particle[au],time[s],variance
2.8159896704889795,6.639,1.3278336702616222
3.3093073504656627,9.41,1.985294061302561
2.706277533801642,9.119,3.5151632623898124
2.661626932937671,7.242,0.40761324038898294
3.7852412572894227,7.141,0.800828769724724
2.3622852944346415,6.125,0.8528304168847498
3.5875691389810656,6.738,1.239798771928882
2.039045133388673,3.641,0.5730920179599437
3.419935248550132,3.32,1.1299479056412807
3.135730488515903,3.384,0.8686342465688739
