energy[au],time[s],variance
2.2683872810188106,2.083,0.06100093568075593
2.238875546639486,2.075,0.012741597860809861
1.9190578304482915,2.072,0.2185888776465692
2.1628431015724314,2.075,0.06837174374071608
1.9548927309449684,2.083,0.0701477900041727
2.2374155221966263,2.078,0.06529970881519986
1.9123505453117553,2.077,0.07180775802897443
2.226068711299327,2.076,0.081450143445565
2.0684403012777595,2.074,0.07492047655277645
2.23677609022097,2.11,0.022918001938588617
