energy[a.u.],time[s]
4.830371337638529,8.454
4.936772773084818,8.437
4.870769748753991,7.926
4.952243820892543,7.302
4.943899040731909,4.73
4.8694130684607435,4.457
4.917493460063258,4.122
4.9282121591162715,3.972
4.88942665831993,3.947
4.879446257286987,3.92
