energy-per-particle[au],time[s],variance
2.815648197301878,4.342,3.9064936030660036
2.7750075140629464,4.439,17.112796364541353
2.8228078995861154,4.482,2.106969494476754
3.4697683724988106,4.503,22.538170649697783
2.920713401572559,4.54,32.50070279738572
