energy[au],time[s],variance
3.903838936594869,3.822,4.606198323382639
3.917319805156867,3.839,3.2371764552961455
3.8952210982016835,3.847,2.884930435555443
3.942435993173179,3.825,13.253428465616091
3.933652051002222,2.772,3.8400707828107503
3.905222376078971,2.34,4.113775560918002
3.924954587985778,2.309,3.4449571670978134
3.9032737534585786,2.329,4.459237791291049
3.9225259006561535,2.293,3.549411428298466
3.8977543240988206,2.347,3.889240054340002
