energy[au],time[s],variance
1.4794388453550915,6.295,1.272821739200019
1.4979252925336466,6.155,1.1875056281697134
1.4787119674911295,6.25,1.1578579371452378
1.4850186625821657,6.234,1.1550341908709338
1.467482831499225,6.222,1.3086456400481943
1.4991425903047033,6.262,1.6984715937438253
1.4706072971987931,6.266,1.2199064429994557
1.473541790180228,6.644,1.3958531231128823
1.4745711362543574,6.561,2.8570060492383735
1.4776639574857764,6.103,1.5873270347380437
