energy,time
4.8861008619288935,8.32254498s
4.859103557698248,8.377678698s
4.889931874318905,8.041734784s
4.951914674216775,6.282852442s
4.881723599179412,4.774406659s
4.882180985858812,4.48599076s
4.92509544329348,4.19225216s
4.872884841462778,3.992607777s
4.926505154139935,3.862939121s
4.90593052637117,3.835178981s
