energy,time
2.743968881142298,3.86323106s
2.748177606215087,4.044833955s
2.7413216226605464,4.038786992s
2.7396702758669127,4.000946075s
2.738309386243562,2.512659914s
2.7337845124701077,2.421336481s
2.75303687133695,2.549984902s
2.7316037432092055,2.363071564s
2.7436679028423536,2.386558117s
2.7421649615359924,2.409311353s
