energy,time
2.7383387830857893,2.147931866
2.74533881512451,2.114376905
2.7385491844679466,2.123059284
2.7423276709423527,2.117400682
2.751112293306245,2.157605923
2.7419658401816758,2.126398044
2.7393640190618957,2.118457875
2.746773848030442,2.12458084
2.7423062701334517,2.143924002
2.734204851292436,2.003780685
