energy[a.u.],time[s]
2.775643017797472,3.614
2.7727804832684626,3.662
2.772245277239405,3.673
2.779861960380225,3.655
2.7711324683996734,3.564
2.7671668116715087,3.474
2.7849832863418076,3.483
2.771918157567076,3.482
2.769954842591403,3.446
2.7697732812212217,3.367
