energy[au],time[s],variance
2.783595293105621,3.615,0.23856376047859484
2.779852038752548,3.715,0.23151054028281592
2.7730923016823157,3.655,0.23136336866491547
2.779500789142194,3.744,0.23694458999503176
2.784005626673172,3.579,0.2284230318405447
2.7659318444999417,3.373,0.23181203868489586
