energy-per-particle[au],time[s],variance
2.5476766484002913,4.901,20.082021114953907
2.039301968885523,5.844,0.3711567144872525
2.173917752709408,7.508,1.218430817471674
3.086542753569611,6.847,5.6845054583739625
2.2731136736837834,5.984,0.6274499421052866
2.5755174867030375,5.469,6.430294379034752
2.725511461731026,5.15,1.0992823802979181
2.0580891375641084,5.445,0.17876513210573108
1.7019728682205768,5.102,0.205760266228058
4.070656562730429,2.783,177.64779071972404
