energy[a.u.],time[s]
2.740443849689317,3.858
2.730067907965801,3.935
2.7393835849130306,3.903
2.7395828264263984,3.912
2.7442820779639265,3.733
2.735283194693568,3.7
2.741939975257511,3.699
2.7446275610291613,3.706
2.734408094337739,2.638
2.7368003321310157,2.218
