energy[au],time[s],variance,acceptance_rate
2,5.201,0.8673495035064361,0,0.97771
2,5.231,1.2117249105106735,0,0.98105
2,5.25,0.9525623984702072,0,0.97818
2,5.239,1.000052084239051,0,0.97819
2,5.277,1.045652847621963,0,0.97962
2,5.388,0.9274053132647366,0,0.97832
2,5.464,0.8920352579888979,0,0.97704
2,5.515,1.095159209675275,0,0.97867
2,5.581,0.9851505217636679,0,0.97814
2,5.61,1.1203947390537494,0,0.97913
