energy-per-particle[au],time[s],variance
2.5213276608372235,4.73,53.55774317653998
