energy[au],time[s]
3.9379748407503046,46.132
3.8770263966853857,45.92
3.8680787994719332,46.038
3.9015796328844123,42.948
3.857326622535105,33.893
3.8900360066977853,37.47
3.9373405804690393,36.077
3.8332431912448723,40.201
3.7059982992678577,36.121
3.8875545688752817,28.835
