energy[a.u.],time[s]
4.98399724195189,5.213
5.059045519002693,5.202
4.885847407221999,5.226
5.061891908946832,5.002
4.986137916415966,3.708
5.006975008216259,3.107
4.957795003274549,3.092
5.004179778072579,4.3
5.008682996557358,3.05
4.97981857039927,2.787
