energy[au],time[s],variance
2.7636262544981327,3.891,0.24077404977249994
2.7724871271411615,3.875,0.24049253414354155
2.7689306301368406,3.887,0.2367949593077432
2.7685225037752654,3.893,0.24365698222336718
2.75862136118559,2.541,0.22866676724813928
2.7609549791270926,2.264,0.2269893923932882
