energy,time
2.780659465502222,3.666105775s
2.7815716117848726,3.738928344s
2.776952448729136,3.77806393s
2.769985168581394,3.724587789s
2.7823136781067297,3.570114921s
2.782018939180995,3.453489218s
2.771806637309255,3.493485155s
2.7847117433309743,3.463367651s
2.7698338052494806,2.832010618s
2.765680263286162,2.178627516s
