energy[au],time[s],variance
3.7264593513964472,11.345,2.237541663038563
3.4473535675137805,8.768,2.729423820005763433.6264518899475258,5.304,0.664821158569233.72.943970066589261,5.234,2.36211047078672.713.217613283995648,5.173,3.71144787139782.382.520575398770182,5.523,2.9213874287852.302.9434536619225837,5.591,3.667686114342.90534.475032790162253,5.354,2.814729166863.88832.8436065102818584,5.267,0.76009816503.376574.588198364911404,5.362,7.355375916182538
