energy,time
4.963867228616454,4.661946749
4.925896788414968,4.668253691
4.931789509500511,4.769640386
4.864648572693225,4.686608025
4.940029076834508,4.186095219
4.849243551712803,3.91152131
4.919367797661496,3.908732663
4.910785886059592,3.759099108
4.957070836656642,3.766332805
4.932716643805062,3.760526906
