energy[au],time[s],variance
2.4361956370030837,2.933,1.6272909163821083
1.9026973638647926,2.878,0.9045656258030377
2.876988142153531,2.9,2.15303497769294
2.385817409104245,3.108,0.7223421235662002
3.099079511081305,3.003,1.302916484815043
3.303171269408529,2.811,1.753674280260853
2.700862029788138,2.94,0.8643724413459672
2.8786304774447116,2.876,0.9109195431245851
3.691750144936048,2.887,0.8827478747557507
3.417663966571864,2.838,0.39669865488448863
