energy[au],time[s],variance
6.069789903411181,8.411,5.712866485599818
6.052566822629862,8.497,5.833629906312545
6.106482904838621,8.011,5.976352800611458
6.017382336600384,6.804,5.914050377484784
