energy[au],time[s],variance
4.920121516037458,8.105,7.3085780903431115
4.878025662781064,8.282,31.822882694711787
