energy,time
2.778012004495934,3.564178902s
2.7824723450729767,3.616013237s
2.7742152418454986,3.611672506s
2.7731958046462886,3.702184286s
2.7737458593947584,3.048336642s
2.7748723935069237,2.118715211s
2.7801200516658158,2.125065487s
2.788642504950165,2.146215943s
2.7771601637548726,2.166595356s
2.783405919205215,2.162269101s
