energy-per-particle[au],time[s],variance
1.9592280527802695,1.838,0.21456519235270655
2.2614673795096816,1.937,0.029213845924925153
1.9021847937521306,1.895,0.22097467258201497
2.0346452230278596,1.913,0.05360920398167579
2.300002242806385,1.889,0.02950955332412164
1.9286168360368503,1.891,0.13754846171262614
2.0927651743114435,1.945,0.07298010448468517
2.128898671438449,1.957,0.026043293047692373
2.128402670803492,1.91,0.053132727075354325
1.893268064408393,1.907,0.1456165819755988
