energy[au],time[s]
6.319415682549547,106.705
-9.92034309039552,95.299
-10.874664009011969,82.927
5.400321013689801,84.881
-2.2875726485363743,57.913
4.405242509182865,55.616
-10.810467424749929,52.389
0.6990301062480352,53.189
-36.723676793893276,53.688
-11.576773437923404,53.504
