energy[au],time[s],variance
1.7451958680006567,10.45,2.9014042433335305
3.4090104693134182,8.92,4.606211840923294
2.412217513095681,7.285,3.127579778617175
3.111503552351035,7.414,5.73497027418108
3.031992540316897,6.507,2.217582174655483
2.3162181561049815,5.134,117.75984300376858
3.2823480630125488,5.142,3.2737172871241356
3.3848959936992946,5.131,8.204691738555915
3.352444183662517,5.125,0.9559724622901555
4.136647064126137,5.113,0.64155005839784
