energy-per-particle[au],time[s],variance
4.329852767488138,12.74,4.852789479540434
3.2300865056285617,15.72,11.47005391316469
4.329122301113508,12.212,3.522839833724518
3.6100132927680644,11.932,0.9233455115527605
2.2010114061164696,5.919,1.2040272142412363
3.606137010633749,5.618,1.827946416255628
3.685345561014116,5.103,0.7363053920702995
3.9810343636303926,5.244,0.9204389626902199
4.5470556994408335,5.107,0.7419689781642802
3.941696216129577,5.163,2.8317666496081344
