energy[au],time[s]
4.974313611054678,64.257
4.998511402510166,63.95
5.03429715137238,57.742
5.001477403988776,48.259
5.000931874283855,53.262
5.088210987249412,51.276
5.0292139983003095,47.126
5.0390193051228716,32.611
5.037807550413328,33.746
5.056638454896318,33.3
