energy[au],time[s]
2.7721321749659387,44.391
2.782144308986007,43.995
2.779863854825939,44.215
2.7875828068212227,40.898
2.7670164328258395,32.54
2.782970449832747,32.586
2.772279196889934,38.133
2.783579648673487,37.09
2.792324719562854,34.377
2.773987042038793,33.892
