energy,time
0,1.632595664s
0,1.619177072s
0,1.695909444s
0,1.636797458s
0,1.62737205s
0,1.701539709s
0,1.620425391s
0,1.627973107s
0,1.643139426s
0,1.600327881s
