energy[au],time[s],variance
1.3700542506674234,6.283,0.2840605565892522
1.3548799962222704,6.35,0.27133492383195
1.360576101402647,6.24,0.21704075059718164
1.3725123211673578,6.602,0.27614868454801034
1.3697271231012553,6.433,0.2820488230733842
1.3524658442865103,6.346,0.2219100699589882
1.3725363818876009,6.388,0.2886116044315532
1.359492294401115,6.62,0.2568401518338552
1.365818204319414,6.641,0.29164894518477347
1.3988163213522269,5.705,0.3488758777888945
