energy[au],time[s],variance
1.504270888212832,7.466,1.6435788789520789
1.4693386990107742,7.517,1.112575588420972
1.4693016631585745,7.634,1.4432853132595085
1.470261272458037,7.689,1.418597948481441
1.48205802894064,7.704,1.3945259481461552
1.5032935136508907,7.613,4.592548015872822
1.529318496234254,7.157,1.1217721411582353
1.4771243215369612,4.861,1.3222915107397597
1.527998170427219,4.83,1.2994108938593225
1.475005575782332,3.984,1.4933370325805573
