energy-per-particle[au],time[s],variance
1.9028211375617925,4.342,0.22397493490308307
1.8743561087504241,4.915,0.24436129818555763
1.8802275527198116,7.055,0.20986280629416143
1.8840548658963745,6.943,0.22051283301977165
1.8750549550359097,4.832,0.2175160464607675
1.8672796453040061,5.13,0.23868211429323338
1.9007699629651946,4.711,0.2635814372373968
1.8992455375306214,5.085,0.23109910668500255
1.879818084657307,4.541,0.22927640786200953
1.8840707544433073,4.129,0.22472894151791678
