energy[au],time[s],variance
5.907832402191787,6.086,4.757496060650226
6.1011148955787275,6.007,4.26748038795116
6.047962425260357,6.027,4.062836561474882
5.87424010466656,5.814,5.309779369233041
5.524907248280683,5.785,5.039746528036716
