energy,time
0,1.611719975s
0,1.633436606s
0,1.651894033s
0,1.669843112s
0,1.639339196s
0,1.640595447s
0,1.617186762s
0,1.653265418s
0,1.662815894s
0,1.663314097s
