energy,time
5.063462348231284,6.068957559s
4.995360387712247,6.244138311s
5.103157844201774,6.002345132s
4.950133859136105,5.88235287s
4.98256078584897,5.811973354s
5.027650380614992,3.469641864s
5.149047711804671,3.485136533s
4.946975837694419,3.209477021s
4.754931277236343,3.075196009s
4.976017849181188,3.011487912s
