energy[a.u.],time[s]
2.7795061239354766,4.046
2.7847646529247996,4.087
2.767305247250848,4.054
2.7862062218854606,4.066
2.7642678331064054,2.44
2.7705845596034866,2.436
2.8615549602771546,2.451
2.7856826890094557,2.445
2.796391329143781,2.44
2.7500339650979404,2.453
