energy-per-particle[au],time[s],variance
2.2433869123392256,6.625,2.1894189979368406
2.1260453888757795,9.224,1.929990015148821
2.2110128125127377,8.884,2.0501231901333803
2.1957192831147787,7.949,2.0399599684002077
2.2328540332398896,6.69,2.140898688749541
2.19361654142034,6.936,2.0205743294225513
2.117767620050715,6.38,1.8116888403131455
2.174839901604062,3.539,1.906952062295538
2.187196154357909,3.292,2.0299029700352342
2.218913414169924,3.363,2.161972607245353
