energy-per-particle[au],time[s],variance
1.8806286787842696,5.346,0.24419188717354068
