energy[au],time[s],variance
3.7875543299933483,4.029,0.24669239644135388
3.8203895782891912,4.166,0.2767010714305602
3.7992369422498027,4.083,0.2331620280659834
3.776029897092223,4.039,0.20829313260267135
3.753526303432405,3.903,0.24133450841822857
3.7508010777306247,3.909,0.22053236619676042
3.789506822238357,3.883,0.21673268204100005
3.7980769372370227,3.099,0.2409965513797534
3.8060222685728506,2.387,0.26896353999363676
