energy[au],time[s],variance
4.829338754223272,6.128,5.379277652328106
5.054050182660699,6.097,5.26874915273471
5.146803368341779,5.997,4.490371833702721
