energy,time
2.763659506586338,4.161380894s
2.757245328672899,4.156453469s
2.7993503106056714,4.065340434s
2.770533560768246,4.046823227s
2.79950959118821,3.142800061s
2.786730094828045,2.620463282s
2.806046259964056,2.714745436s
2.781174043672693,2.565832577s
2.740114901758943,2.634933153s
2.799917259089955,2.604681514s
