energy,time
4.990820163742371,5.942770912s
4.961502650872969,6.209387896s
4.879998033223647,6.037897974s
5.234539692509837,5.961492089s
5.077843453024093,5.914674341s
4.941011547096368,4.602256986s
4.84723484670128,3.306198755s
5.052384691700892,3.253307473s
4.945519636796129,3.154682862s
4.829796052222175,2.988469562s
