energy[au],time[s],variance
2.750190224743757,4.474,0.21894821253130914
2.749120853139911,4.531,0.21508700058497077
2.779789300646091,4.5,0.22450229705631308
2.804500938937787,3.898,0.23655306410232324
2.7279933337483357,2.609,0.20991594393000135
