energy,time
0,1.573408545s
0,1.638442591s
0,1.619414879s
0,1.614207274s
0,1.614124389s
0,1.638211669s
0,1.681159586s
0,1.715040839s
0,1.626149326s
0,1.626536801s
