energy[au],time[s],variance
1.859182510525328,6.297,6.9384180315331445
1.8362668722720241,6.313,2.0827213977623202
1.7632322065992674,6.294,1.3701780316877539
1.7979502410338382,6.551,2.2419685416792703
1.8521116551718453,6.476,3.2095314249922016
1.779239460104713,6.479,1.4510578345475107
1.8316884912705407,6.467,3.1822895167829994
1.8455719052894979,6.841,3.7155037381408604
1.8340215714407047,4.248,1.8372997470359849
1.8025927655940372,4.137,2.5124720739736652
