energy,time
0,1.635348182s
0,1.630985438s
0,1.637288656s
0,1.666638258s
0,1.648122846s
0,1.652063243s
0,1.670268859s
0,1.654688665s
0,1.651079212s
0,1.634352043s
