energy[au],time[s],variance
1.8863535847353636,7.495,0.8668584005912727
1.9146072021336376,7.534,1.3048202113240084
1.9278369154922481,7.514,1.1064813698684208
1.9720281424675266,7.846,1.1425358464435362
1.942239524778207,7.715,0.9803280670431604
1.9636901652535579,7.651,1.3295067629600634
1.9969442259716805,7.562,1.2016038802388866
1.9420467137428528,7.547,1.5247686832059184
2.00199109985069,4.321,0.9886283318915332
1.94898227399914,3.707,1.305229566955095
