energy[au],time[s],variance,acceptance_rate
2,6.231,1.0207313460456902,0,0.97732
2,6.236,1.0228988926492781,0,0.97774
2,6.243,0.9579179047583825,0,0.97639
2,6.304,1.0242250105758577,0,0.97702
2,6.418,1.0920764504337006,0,0.97939
2,6.618,0.9972753657677439,0,0.97785
2,6.751,1.0365942991653,0,0.97774
2,6.74,1.0398894929135354,0,0.97802
2,6.52,0.8729443472536504,0,0.97444
2,3.784,1.025258934842762,0,0.97687
