energy[au],time[s],variance
2.342670466865758,10.269,4.3638626086313295
2.329402014962734,9.319,3.709549984658153
2.297729171046983,8.097,5.25249441487378
2.2983549230769085,7.158,4.005140484686727
2.2949254296359363,5.988,3.7657522248423874
2.384980663429005,5.023,7.364557360589625
2.3522170835683447,5.026,4.128149671130821
2.330292198576835,5.016,5.6984041333550834
2.271063149771806,5.003,4.0527936946007515
2.3802401431502718,5.014,8.390841919101664
