energy[a.u.],time[s]
5.059024620525461,5.994
5.2634992711380075,6.144
4.960963388335171,5.18
4.990400109599344,3.603
5.093065079930886,4.952
5.0810724341253515,5.544
4.908500448187535,3.538
5.1592221896723185,3.309
5.086923257707495,3.23
5.001062107580677,3.01
