energy[au],time[s],kinetic,variance,acceptance_rate,avg_distance
1.7449835767080468,5.448,0.44095369043307153,0.8737142409137988,0.9271,2.0197896011604644
