energy[au],time[s],kinetic,variance,acceptance_rate,avg_distance
3.0694201950858533,6.611,0.9450974541615971,5.562044447968981,0.89737,1.393759504546401
