energy[au],time[s],kinetic,variance,acceptance_rate,avg_distance
0.5130500183411348,5.262,0.09659440327619687,0.08534632991656621,0.96829,4.641369139249639
