energy[au],time[s],kinetic,variance,acceptance_rate,avg_distance
0.14758709778299353,4.374,0.009598885101375618,0.05772627233186828,0.99009,12.365309714399864
