energy[au],time[s],kinetic,variance,acceptance_rate,avg_distance
1.7396456290149145,6.681,0.44648827871197627,0.49547998819704775,0.92762,2.0000602493746236
