energy[au],time[s],kinetic,variance,acceptance_rate,avg_distance
3.2503253273013413,4.125,0.9826392313445065,10.14352414468073,0.89241,1.2666787757561584
