energy[au],time[s],kinetic,variance,acceptance_rate,avg_distance
1.8693354588977877,5.52,0.5027989977560475,2.433397879246903,0.92542,1.7673598699847117
