energy[au],time[s],kinetic,variance,acceptance_rate,avg_distance
0.29092597807085,5.63,0.04870978611936688,0.019438153392457053,0.97679,7.063609237544535
