energy[au],time[s],kinetic,variance,acceptance_rate,avg_distance
0.3441478032061926,5.249,0.03632977337997897,99.4063148103285,0.97839,6.659619329799215
