energy[au],time[s],kinetic,variance,acceptance_rate,avg_distance
0.09033609425189958,6.752,0.0066228603445304905,0.00860339544717958,0.98887,18.681569440600576
