energy[au],time[s],kinetic,variance,acceptance_rate,avg_distance
0.5264398191363359,5.039,0.07993589576585429,0.18079459507860873,0.96561,4.539872297385982
