energy[au],time[s],kinetic,variance,acceptance_rate,avg_distance
0.6165805273315338,4.375,0.10235587161928088,0.602800958872282,0.96682,3.9425763128990803
