energy[au],time[s],kinetic,variance,acceptance_rate,avg_distance
0.40069038803424245,5.637,0.05304383364510842,0.4466384357811627,0.97682,5.365858102553168
