energy[au],time[s],kinetic,variance,acceptance_rate
3.174775948119396,4.535,0.9244053790435176,2.224294657783556,0.98058
3.021611563143078,4.522,0.7861969549768917,1.0531549430846354,0.97774
3.0910937781578545,4.41,1.0670614750516085,1.1115237878941606,0.98135
2.9287778108452955,4.613,0.8523328607967215,0.3918437920003299,0.97818
3.0265568034769683,4.549,0.7998484036731255,2.765436074310278,0.97766
