energy[au],time[s],kinetic,variance,acceptance_rate
0.10047125877866056,4.404,0.014893435232371969,0.000963533939449944,0.99848
0.18026939231386455,5.01,0.0016781386677710898,0.020916178045054107,0.99829
0.14401136741712142,4.804,0.015427951825798642,0.0013642362530752565,0.99844
0.2703421358999443,4.607,-0.021499391290420403,0.12479544050699452,0.99805
0.17169912298360995,4.358,0.009707448552002739,0.0052006492384381806,0.9984
