energy[au],time[s],kinetic,variance,acceptance_rate,avg_distance
3.077291581359562,6.446,0.9011446046080609,0.9843873836197083,0.89577,1.415715987756367
