energy[au],time[s],kinetic,variance,acceptance_rate,avg_distance
0.10310891006342192,5.275,0.00826248432864784,0.010316013916408998,0.99011,16.619495820572023
