Alpha,Energy,Time
0.2,0,148.791µs
0.25,1.4484627963742887,124.342µs
0.3,0,80.758µs
0.35,0,67.832µs
0.4,0,66.816µs
0.45,0.91811389633052,114.071µs
0.5,0,91.345µs
0.55,0,101.945µs
0.6,2.037383076944201,132.33µs
0.65,1.033055443236585,133.532µs
0.7,0.8526310903243085,113.228µs
0.75,1.9051261605395924,101.034µs
0.8,0.5904565700778945,146.292µs
